<?xml version="1.0" encoding="UTF-8"?>
<rss version="2.0" xmlns:atom="http://www.w3.org/2005/Atom">
  <channel>
    <title>Ultra/Beyond Città Studi</title>
    <description>Ultra/Beyond Città Studi (4 aprile &gt; 8 maggio 2016) è una delle mostre di Campus e Controcampus, nell’ambito della XXI Triennale Esposizione Internazionale Milano 2016, fino al 12 Settembre 2016 presso il Politecnico di Milano.
</description>
    <link>http://beyondcittastudi.org/</link>
    <atom:link href="http://beyondcittastudi.org/feed.xml" rel="self" type="application/rss+xml"/>
    <pubDate>Sun, 06 Mar 2016 01:33:21 +0100</pubDate>
    <lastBuildDate>Sun, 06 Mar 2016 01:33:21 +0100</lastBuildDate>
    <generator>Jekyll v3.0.3</generator>
    
      <item>
        <title>#mappingcittastudi</title>
        <description>&lt;p&gt;&lt;img src=&quot;/assets/i/beyondcittastudi_org-contest-mappingcittastudi.png&quot; alt=&quot;mappingcittastudi qr&quot; /&gt;&lt;/p&gt;

&lt;p&gt;#mappingcittàstudi è il primo di una serie di contest promossi dal Politecnico di Milano in occasione della XXI Triennale Esposizione Internazionale Milano 2016. E’ un invito a fotografare e condividere su Instagram edifici, angoli, vie, spazi aperti del quartiere Città Studi, con l’intento di generare una mappa fotografica, viva e reale, della zona.&lt;/p&gt;

&lt;p&gt;Il contest va di pari passo con Ultra/Beyond Città Studi, una delle tre mostre del ciclo Campus e Controcampus, che si terranno, nell’ambito della XXI Triennale Esposizione Internazionale Milano 2016, fino al 12 Settembre presso il Politecnico di Milano.&lt;/p&gt;

&lt;h2 id=&quot;come-partecipare&quot;&gt;Come partecipare&lt;/h2&gt;

&lt;p&gt;Il contest è aperto a tutti. Scatta una o più immagini del quartiere Città Studi e condividile su Instagram utilizzando almeno due hastags (nei commenti oppure nella didascalia):&lt;/p&gt;

&lt;ul&gt;
  &lt;li&gt;
    &lt;p&gt;&lt;strong&gt;#mappingcittastudi&lt;/strong&gt;&lt;/p&gt;
  &lt;/li&gt;
  &lt;li&gt;
    &lt;p&gt;&lt;strong&gt;#vianomenumero&lt;/strong&gt;&lt;br /&gt;
un tag che riporta il nome della via e, possibilmente, il numero civico di dove è stata scattata la foto (es: #viabonardi10, #viaceloria40, #viaceloria,…)&lt;/p&gt;
  &lt;/li&gt;
&lt;/ul&gt;

&lt;h2 id=&quot;durata-del-contest&quot;&gt;Durata del contest&lt;/h2&gt;

&lt;p&gt;Il contest è aperto dal giorno &lt;strong&gt;1 marzo 2016&lt;/strong&gt;, saranno considerate per la valutazione da parte della giuria solo le immagini che entro le 12.00 del &lt;strong&gt;14 aprile 2016&lt;/strong&gt; presenteranno i tag specificati.&lt;/p&gt;

&lt;h2 id=&quot;premi&quot;&gt;Premi&lt;/h2&gt;

&lt;p&gt;Verranno assegnati tre premi a:&lt;/p&gt;

&lt;ul&gt;
  &lt;li&gt;
    &lt;p&gt;autore che produca il &lt;strong&gt;mapping più completo&lt;/strong&gt;, articolato e di qualità (completezza del mapping e qualità delle foto).&lt;/p&gt;
  &lt;/li&gt;
  &lt;li&gt;
    &lt;p&gt;autore della &lt;strong&gt;foto giudicata migliore&lt;/strong&gt; in assoluto.&lt;/p&gt;
  &lt;/li&gt;
  &lt;li&gt;
    &lt;p&gt;autore della &lt;strong&gt;foto che ottiene più like via Instagram&lt;/strong&gt;.&lt;/p&gt;
  &lt;/li&gt;
&lt;/ul&gt;

&lt;p&gt;Ai vincitori sarà assegnato un &lt;strong&gt;pass valido per la XXI Triennale&lt;/strong&gt; Esposizione Internazionale Milano 2016**.&lt;/p&gt;

&lt;p&gt;Foto selezionate saranno esposte nell’ambito della serie di mostre &lt;strong&gt;Campus e Controcampus&lt;/strong&gt;, con citazione dell’autore.&lt;/p&gt;

&lt;p&gt;La giuria è composta da:&lt;/p&gt;

&lt;ul&gt;
  &lt;li&gt;
    &lt;p&gt;&lt;strong&gt;Gennaro Postiglione&lt;/strong&gt;, Coordinatore della Laurea Magistrale in Architettura, Scuola Architettura Urbanistica Ingegneria delle Costruzioni, Politecnico di Milano;&lt;/p&gt;
  &lt;/li&gt;
  &lt;li&gt;
    &lt;p&gt;&lt;strong&gt;Andrea Rolando&lt;/strong&gt;, Scuola Architettura Urbanistica Ingegneria delle Costruzioni, Politecnico di Milano&lt;/p&gt;
  &lt;/li&gt;
  &lt;li&gt;
    &lt;p&gt;&lt;strong&gt;Davide Spallazzo&lt;/strong&gt;, Scuola del Design, Politecnico di Milano&lt;/p&gt;
  &lt;/li&gt;
&lt;/ul&gt;

&lt;p&gt;I nominativi dei vincitori saranno pubblicati tramite il profilo Instagram, nei canali social media e web del &lt;strong&gt;Politecnico di Milano&lt;/strong&gt;.
Gli organizzatori si riservano il diritto di non considerare fotografie ritenute offensive o non appropriate.&lt;/p&gt;

&lt;p&gt;Partecipando al Contest Fotografico #mappingcittastudi, l’autore dichiara di essere titolare esclusivo e legittimo di tutti i diritti di autore e sfruttamento, anche economico, di ciascuna fotografia, quindi possedere ogni diritto di riproduzione. L’autore di ciascuna fotografia concede, a titolo gratuito, al Politecnico di Milano il diritto di utilizzo delle immagini, non a scopo di lucro, nell’ambito del contest promosso e della mostra Campus e Controcampus.&lt;/p&gt;

&lt;p&gt;Gli autori sono responsabili del contenuto delle immagini inviate e sollevano pertanto gli organizzatori e Instagram da ogni eventuale conseguenza inclusa la richiesta di danni morali e materiali.&lt;/p&gt;

&lt;p&gt;Il contest non è in nessun modo sponsorizzato, appoggiato o amministrato da Instagram né associato a Instagram.&lt;/p&gt;

&lt;p&gt;La partecipazione al contest fotografico implica la piena accettazione del presente regolamento.&lt;/p&gt;
</description>
        <pubDate>Mon, 29 Feb 2016 00:00:00 +0100</pubDate>
        <link>http://beyondcittastudi.org/contest/mappingcittastudi/</link>
        <guid isPermaLink="true">http://beyondcittastudi.org/contest/mappingcittastudi/</guid>
        
        
        <category>contest</category>
        
      </item>
    
      <item>
        <title>#ideasforcittastudi</title>
        <description>&lt;p&gt;&lt;img src=&quot;/assets/i/beyondcittastudi_org-contest-ideasforcittastudi.png&quot; alt=&quot;ideasforcittastudi qr&quot; /&gt;&lt;/p&gt;

&lt;p&gt;#ideasforcittastudi  è il contest dedicato alla crowd collection di immagini e video prodotti da studenti e docenti del Politecnico di Milano su Città Studi e sul Campus Leonardo. I materiali vanno condivisi attraverso il proprio profilo Instagram e andranno a costruire il primo database del Museo - Archivio di Città Studi a Milano.
Il contest va di pari passo con Ultra/Beyond Città Studi, una delle tre mostre del ciclo Campus e Controcampus, che si terranno, nell’ambito della XXI Triennale di Milano, fino al 12 Settembre presso il Politecnico di Milano.&lt;/p&gt;

&lt;h2 id=&quot;come-partecipare-a-ideasforcittastudi&quot;&gt;Come partecipare a #ideasforcittastudi&lt;/h2&gt;
&lt;p&gt;Il contest è aperto a tutti. Carica una o più immagini del quartiere Città Studi elaborate in occasioni di esami, workshop, esercitazioni o della tesi e condividile su Instagram utilizzando almeno due hastags (puoi metterle nei commenti oppure nella didascalia):&lt;/p&gt;

&lt;ul&gt;
  &lt;li&gt;
    &lt;p&gt;&lt;strong&gt;#ideasforcittastudi&lt;/strong&gt;&lt;/p&gt;
  &lt;/li&gt;
  &lt;li&gt;
    &lt;p&gt;&lt;strong&gt;#vianomenumero&lt;/strong&gt; (o &lt;strong&gt;#nomedificio&lt;/strong&gt;) un tag che riporta il nome della via e, possibilmente, il numero civico di dove è stata scattata la foto (es: #viabonardi10, #viaceloria40, #viaceloria,…)&lt;/p&gt;
  &lt;/li&gt;
&lt;/ul&gt;

&lt;p&gt;Chi non avesse un account Instagram potrà spedire singole immagini/video via email (metti nel campo &lt;em&gt;subject&lt;/em&gt; della mail 3 hashtags: #ideasforcittastudi #vianomenumero #nomecognomeautore)&lt;/p&gt;

&lt;p&gt;Nei commenti che accompagnano l’immagine, è importante specificare eventuali altre persone coinvolte nel progetto, eventuale professore/tutor di riferimento, anno di produzione.&lt;/p&gt;

&lt;h2 id=&quot;durata-del-contest&quot;&gt;Durata del contest&lt;/h2&gt;

&lt;p&gt;Il contest è aperto dal giorno 1 marzo 2016, saranno considerate per la valutazione da parte della giuria solo le immagini che entro le 12.00 del 14 aprile 2016 presenteranno i tag specificati.&lt;/p&gt;

&lt;h2 id=&quot;premi&quot;&gt;Premi&lt;/h2&gt;

&lt;p&gt;Verranno assegnati tre premi a:&lt;/p&gt;

&lt;ul&gt;
  &lt;li&gt;
    &lt;p&gt;autore che produca il &lt;strong&gt;mapping più completo&lt;/strong&gt;, articolato e di qualità (completezza del mapping e qualità delle foto).&lt;/p&gt;
  &lt;/li&gt;
  &lt;li&gt;
    &lt;p&gt;autore della &lt;strong&gt;foto giudicata migliore&lt;/strong&gt; in assoluto.&lt;/p&gt;
  &lt;/li&gt;
  &lt;li&gt;
    &lt;p&gt;autore della &lt;strong&gt;foto che ottiene più like via Instagram&lt;/strong&gt;.&lt;/p&gt;
  &lt;/li&gt;
&lt;/ul&gt;

&lt;p&gt;Ai vincitori sarà assegnato un &lt;strong&gt;pass valido per la XXI Triennale&lt;/strong&gt; Esposizione Internazionale Milano 2016**.&lt;/p&gt;

&lt;p&gt;Foto selezionate saranno esposte nell’ambito della serie di mostre &lt;strong&gt;Campus e Controcampus&lt;/strong&gt;, con citazione dell’autore.&lt;/p&gt;

&lt;p&gt;La giuria è composta da:&lt;/p&gt;

&lt;ul&gt;
  &lt;li&gt;
    &lt;p&gt;&lt;strong&gt;Gennaro Postiglione&lt;/strong&gt;, Coordinatore della Laurea Magistrale in Architettura, Scuola Architettura Urbanistica Ingegneria delle Costruzioni, Politecnico di Milano;&lt;/p&gt;
  &lt;/li&gt;
  &lt;li&gt;
    &lt;p&gt;&lt;strong&gt;Andrea Rolando&lt;/strong&gt;, Scuola Architettura Urbanistica Ingegneria delle Costruzioni, Politecnico di Milano&lt;/p&gt;
  &lt;/li&gt;
  &lt;li&gt;
    &lt;p&gt;&lt;strong&gt;Davide Spallazzo&lt;/strong&gt;, Scuola del Design, Politecnico di Milano&lt;/p&gt;
  &lt;/li&gt;
&lt;/ul&gt;

&lt;p&gt;I nominativi dei vincitori saranno pubblicati tramite il profilo Instagram, nei canali social media e web del &lt;strong&gt;Politecnico di Milano&lt;/strong&gt;.
Gli organizzatori si riservano il diritto di non considerare fotografie ritenute offensive o non appropriate.&lt;/p&gt;

&lt;p&gt;Partecipando al Contest Fotografico #ideasforcittastudi, l’autore dichiara di essere titolare esclusivo e legittimo di tutti i diritti di autore e sfruttamento, anche economico, di ciascuna fotografia, quindi possedere ogni diritto di riproduzione. L’autore di ciascuna fotografia concede, a titolo gratuito, al Politecnico di Milano il diritto di utilizzo delle immagini, non a scopo di lucro, nell’ambito del contest promosso e della mostra Campus e Controcampus.&lt;/p&gt;

&lt;p&gt;Gli autori sono responsabili del contenuto delle immagini inviate e sollevano pertanto gli organizzatori e Instagram da ogni eventuale conseguenza inclusa la richiesta di danni morali e materiali.&lt;/p&gt;

&lt;p&gt;Il contest non è in nessun modo sponsorizzato, appoggiato o amministrato da Instagram né associato a Instagram.&lt;/p&gt;

&lt;p&gt;La partecipazione al contest fotografico implica la piena accettazione del presente regolamento.&lt;/p&gt;
</description>
        <pubDate>Sun, 28 Feb 2016 00:00:00 +0100</pubDate>
        <link>http://beyondcittastudi.org/contest/ideasforcittastudi/</link>
        <guid isPermaLink="true">http://beyondcittastudi.org/contest/ideasforcittastudi/</guid>
        
        
        <category>contest</category>
        
      </item>
    
  </channel>
</rss>
